duration,significand_bits,unit_roundoff,steps,h,replicates,rms_state_error,empirical_mse,exact_bias_squared,sample_bias_squared,empirical_variance_component,variance_trace_unbiased,estimated_expected_mse
25.0,16,1.52587890625e-05,875,0.02857142857142857,512,0.0008957554044260356,8.023777445584505e-07,7.460168502294474e-07,7.291844222665082e-07,7.319332229194231e-08,7.33365577563101e-08,8.193534079857575e-07
25.0,16,1.52587890625e-05,1000,0.025,512,0.0007303509399428552,5.33412495475412e-07,4.3730276189083513e-07,4.473283761425489e-07,8.60841193328632e-08,8.625258140592163e-08,5.235553432967568e-07
25.0,16,1.52587890625e-05,1125,0.022222222222222223,512,0.0006058898881423528,3.6710255655315275e-07,2.730065507918274e-07,2.695921155536707e-07,9.751044099948203e-08,9.770126378030295e-08,3.7070781457213034e-07
25.0,16,1.52587890625e-05,1250,0.02,512,0.0005272642131351998,2.780075504530814e-07,1.7911987407769592e-07,1.7195173615573585e-07,1.0605581429734556e-07,1.062633599221936e-07,2.853832339998895e-07
25.0,16,1.52587890625e-05,1375,0.01818181818181818,512,0.000486024500403615,2.362198149925836e-07,1.2234142345370425e-07,1.1836195130191005e-07,1.1785786369067353e-07,1.1808850530259266e-07,2.404299287562969e-07
25.0,16,1.52587890625e-05,1500,0.016666666666666666,512,0.00046354982962319496,2.1487844454369305e-07,8.638128524976287e-08,7.857306250678771e-08,1.3630538203690534e-07,1.3657212446750593e-07,2.229534097172688e-07
25.0,16,1.52587890625e-05,1625,0.015384615384615385,512,0.0004428932877425357,1.9615446432739254e-07,6.27150147510389e-08,5.66504564818225e-08,1.3950400784557004e-07,1.3977700981787056e-07,2.0249202456890946e-07
25.0,16,1.52587890625e-05,1750,0.014285714285714285,512,0.00043270586552176675,1.8723436605694129e-07,4.662652259952895e-08,4.455377654699429e-08,1.42680589509947e-07,1.4295980788472186e-07,1.8958633048425082e-07
25.0,16,1.52587890625e-05,1875,0.013333333333333334,512,0.00042757392711331276,1.828194631471005e-07,3.538183235563416e-08,3.210565105001972e-08,1.507138120970808e-07,1.5100875106400268e-07,1.8639058341963684e-07
25.0,16,1.52587890625e-05,2000,0.0125,512,0.0004386461802717036,1.9241047146695587e-07,2.733163289820143e-08,1.963672882094067e-08,1.727737426460152e-07,1.7311185173142813e-07,2.0044348462962955e-07
25.0,16,1.52587890625e-05,2125,0.011764705882352941,512,0.00046051184029760443,2.1207115505428634e-07,2.144618019127277e-08,2.3920595088825403e-08,1.8815055996546093e-07,1.8851876066989432e-07,2.099649408611671e-07
25.0,16,1.52587890625e-05,2250,0.011111111111111112,512,0.000440398533121245,1.939508679753443e-07,1.7063013008969122e-08,1.4038558536088031e-08,1.799123094392563e-07,1.8026438832269905e-07,1.9732740133166817e-07
25.0,16,1.52587890625e-05,2375,0.010526315789473684,512,0.00046321687499806843,2.1456987328297614e-07,1.3744578571316276e-08,8.50917017117724e-09,2.0606070311179892e-07,2.0646395302004117e-07,2.2020853159135746e-07
25.0,16,1.52587890625e-05,2500,0.01,512,0.000490203841535594,2.4029980625625376e-07,1.119504712687437e-08,1.1486086340465724e-08,2.2881371991578803e-07,2.292614962757015e-07,2.404565434025759e-07
25.0,16,1.52587890625e-05,2625,0.009523809523809525,512,0.0004795703758512958,2.299877453941531e-07,9.210194374636844e-09,9.938110935722921e-09,2.2004963445843018e-07,2.2048025996617661e-07,2.2969045434081347e-07
25.0,16,1.52587890625e-05,2750,0.00909090909090909,512,0.0005030643342501757,2.530737243945725e-07,7.646369987117342e-09,7.901397121181723e-09,2.451723272733908e-07,2.45652116563554e-07,2.532984865506713e-07
25.0,16,1.52587890625e-05,2875,0.008695652173913044,512,0.0004963011481392471,2.4631482964433487e-07,6.4008070780651945e-09,5.532444114398604e-09,2.4078238552993625e-07,2.412535839360614e-07,2.4765439101412657e-07
25.0,16,1.52587890625e-05,3000,0.008333333333333333,512,0.0004891221002524367,2.392404289553548e-07,5.398848722809053e-09,4.956989251357533e-09,2.3428343970399723e-07,2.347419200165295e-07,2.4014076873933854e-07
25.0,16,1.52587890625e-05,3125,0.008,512,0.000520919567049509,2.7135719533504796e-07,4.5854939975574495e-09,3.3894249174493055e-09,2.6796777041759867e-07,2.6849216918553915e-07,2.730776631830966e-07
25.0,16,1.52587890625e-05,3250,0.007692307692307693,512,0.00050640655690943,2.5644760088086373e-07,3.919699797676373e-09,4.774798782384447e-09,2.516728020984793e-07,2.5216531247440584e-07,2.560850122720822e-07
25.0,16,1.52587890625e-05,3375,0.007407407407407408,512,0.0005561359496812161,3.0928719452782813e-07,3.370475481056834e-09,3.363449524672138e-09,3.05923745003156e-07,3.0652242160785886e-07,3.098928970889157e-07
25.0,16,1.52587890625e-05,3500,0.007142857142857143,512,0.0005431563594524594,2.9501883081364926e-07,2.9141649515342254e-09,2.002342018776507e-09,2.9301648879487274e-07,2.935899065811641e-07,2.965040715326983e-07
25.0,16,1.52587890625e-05,3625,0.006896551724137931,512,0.0005475529926831699,2.9981427979629556e-07,2.5325281944177753e-09,4.925545531653303e-09,2.9488873426464224e-07,2.95465815936393e-07,2.979983441308108e-07
25.0,16,1.52587890625e-05,3750,0.006666666666666667,512,0.0005630007836656351,3.169698824081192e-07,2.211369339156975e-09,3.91532996044122e-09,3.13054552447678e-07,3.1366718366577523e-07,3.158785530049322e-07
25.0,16,1.52587890625e-05,3875,0.0064516129032258064,512,0.0005686556228182865,3.233692173628533e-07,1.939543602275481e-09,3.7151648576283615e-09,3.1965405250522494e-07,3.202795985962332e-07,3.222191421985087e-07
25.0,16,1.52587890625e-05,4000,0.00625,512,0.0005923411912283811,3.5086808682585756e-07,1.7082303257940244e-09,3.2352738455212187e-09,3.476328129803363e-07,3.4831311202726455e-07,3.500213423530586e-07
25.0,16,1.52587890625e-05,4125,0.006060606060606061,512,0.000617827024943043,3.817102327499715e-07,1.5103952035874869e-09,3.0187102290674985e-10,3.814083617270647e-07,3.821547577382723e-07,3.8366515294185975e-07
25.0,16,1.52587890625e-05,4250,0.0058823529411764705,512,0.0005879651800443885,3.4570305294463024e-07,1.3403885344753733e-09,1.160531820039075e-09,3.4454252112459116e-07,3.452167726336412e-07,3.465571611681166e-07
25.0,16,1.52587890625e-05,4375,0.005714285714285714,512,0.0006093753940714438,3.713383708997274e-07,1.1936423220720136e-09,1.3721268149201281e-09,3.6996624408480727e-07,3.7069024847636264e-07,3.7188389079843464e-07
25.0,16,1.52587890625e-05,4500,0.005555555555555556,512,0.0006201389345021,3.8457229808539985e-07,1.0664399258619628e-09,1.046987963975643e-09,3.835253101214242e-07,3.8427584888878513e-07,3.853422888146471e-07
25.0,16,1.52587890625e-05,4625,0.005405405405405406,512,0.0006491714990218448,4.2142363514226906e-07,9.557394538269286e-10,9.072216737499603e-10,4.205164134685191e-07,4.213393418706101e-07,4.2229508132443703e-07
25.0,16,1.52587890625e-05,4750,0.005263157894736842,512,0.0006363039204335176,4.048826791590642e-07,8.59037326072195e-10,7.958267910290082e-10,4.040868523680352e-07,4.048776289871507e-07,4.057366663132229e-07
25.0,16,1.52587890625e-05,4875,0.005128205128205128,512,0.0006434881212111974,4.1407696213991677e-07,7.742621038896552e-10,2.1287559262086816e-09,4.119482062137081e-07,4.1275436708692474e-07,4.135286291908144e-07
25.0,16,1.52587890625e-05,5000,0.005,512,0.0006724211857871197,4.521502510953562e-07,6.996913021822748e-10,2.794285325019012e-09,4.493559657703372e-07,4.5023533165247095e-07,4.5093502295465323e-07
50.0,16,1.52587890625e-05,1750,0.02857142857142857,512,0.001746708359650474,3.050990093672849e-06,2.9809088477957363e-06,2.9077028664783717e-06,1.432872271944774e-07,1.435676327271476e-07,3.124476480522884e-06
50.0,16,1.52587890625e-05,2000,0.025,512,0.0013798139675016423,1.903886584912623e-06,1.7473535149212971e-06,1.728478342315082e-06,1.7540824259754118e-07,1.757515072601587e-07,1.9231050221814557e-06
50.0,16,1.52587890625e-05,2250,0.022222222222222223,512,0.0011208969981084862,1.2564100803686155e-06,1.090863949500023e-06,1.0734733454970406e-06,1.829367348715749e-07,1.8329473239578542e-07,1.2741586818958084e-06
50.0,16,1.52587890625e-05,2500,0.02,512,0.0009717668431821736,9.443307975082472e-07,7.157157134667841e-07,7.243759787051441e-07,2.1995481880310308e-07,2.2038525876162188e-07,9.36100972228406e-07
50.0,16,1.52587890625e-05,2750,0.01818181818181818,512,0.0008480598823696886,7.1920556408489e-07,4.888433971246704e-07,4.974467032549108e-07,2.217588608299792e-07,2.2219283120342339e-07,7.110362283280937e-07
50.0,16,1.52587890625e-05,3000,0.016666666666666666,512,0.0007801308737547002,6.086041801852719e-07,3.451560294324364e-07,3.483085908803123e-07,2.6029558930495966e-07,2.6080497401984217e-07,6.059610034522786e-07
50.0,16,1.52587890625e-05,3250,0.015384615384615385,512,0.0007337290275698255,5.383582858985618e-07,2.505918850029954e-07,2.4955772398906493e-07,2.888005619094969e-07,2.893657293496329e-07,5.399576143526283e-07
50.0,16,1.52587890625e-05,3500,0.014285714285714285,512,0.0006748380668422972,4.554064164594488e-07,1.8630659995683833e-07,1.7450446520437405e-07,2.809019512550748e-07,2.814516615315035e-07,4.677582614883418e-07
50.0,16,1.52587890625e-05,3750,0.013333333333333334,512,0.0006851331412388414,4.6940742122380213e-07,1.4137588046165746e-07,1.4312179337415927e-07,3.262856278496429e-07,3.269241515832038e-07,4.683000320448613e-07
50.0,16,1.52587890625e-05,4000,0.0125,512,0.0006359527855525687,4.044359454520714e-07,1.0920949738917158e-07,9.36900988420104e-08,3.10745846610061e-07,3.113539598128204e-07,4.20563457201992e-07
50.0,16,1.52587890625e-05,4250,0.011764705882352941,512,0.0006418502855508647,4.119717890617265e-07,8.569285982685044e-08,6.946410373699321e-08,3.425076853247333e-07,3.431779547676389e-07,4.288708145944893e-07
50.0,16,1.52587890625e-05,4500,0.011111111111111112,512,0.0006878625482928867,4.7315488534398395e-07,6.81789467584478e-08,7.455082181000349e-08,3.986040635339805e-07,3.99384110625045e-07,4.675630573834928e-07
50.0,16,1.52587890625e-05,4750,0.010526315789473684,512,0.0006779509240104607,4.596174553666374e-07,5.491941373920808e-08,5.204885982705045e-08,4.075685955395869e-07,4.0836618574612234e-07,4.6328559948533043e-07
50.0,16,1.52587890625e-05,5000,0.01,512,0.0006762250863020762,4.572803673442504e-07,4.473220468393874e-08,3.270991055246634e-08,4.2457045679178407e-07,4.254013187424529e-07,4.7013352342639163e-07
50.0,16,1.52587890625e-05,5250,0.009523809523809525,512,0.0006900331432937311,4.761457388438268e-07,3.6801294741742564e-08,3.908508362096172e-08,4.370606552228651e-07,4.3791595983191177e-07,4.7471725457365433e-07
50.0,16,1.52587890625e-05,5500,0.00909090909090909,512,0.0007027655062120463,4.938793567214737e-07,3.055269651393502e-08,2.3715075880128382e-08,4.701642808413453e-07,4.710843674966121e-07,5.016370640105471e-07
50.0,16,1.52587890625e-05,5750,0.008695652173913044,512,0.0007156752995870695,5.121911344390416e-07,2.557578183309907e-08,2.4517061981064043e-08,4.876740724579776e-07,4.886284248502633e-07,5.142042066833624e-07
50.0,16,1.52587890625e-05,6000,0.008333333333333333,512,0.0007290857097673302,5.315659721869316e-07,2.1572242312131665e-08,2.7018211504503896e-08,5.045477606824278e-07,5.055351339910039e-07,5.271073763031356e-07
50.0,16,1.52587890625e-05,6250,0.008,512,0.0007529897478441948,5.669935603584641e-07,1.8322309574166064e-08,2.0025025005276863e-08,5.469685353531872e-07,5.480389238763833e-07,5.663612334505494e-07
50.0,16,1.52587890625e-05,6500,0.007692307692307693,512,0.000769910840992883,5.927627030783684e-07,1.566198685142326e-08,1.7980316058900462e-08,5.747823870194679e-07,5.759072057807585e-07,5.915691926321818e-07
50.0,16,1.52587890625e-05,6750,0.007407407407407408,512,0.0007658490024922954,5.865246946184439e-07,1.3467444237003475e-08,1.788572937027446e-08,5.686389652481694e-07,5.69751761657657e-07,5.832192058946604e-07
50.0,16,1.52587890625e-05,7000,0.007142857142857143,512,0.0008067482782214481,6.508427844132709e-07,1.164415863517162e-08,9.906157974000797e-09,6.409366264392702e-07,6.421909055516757e-07,6.538350641868473e-07
50.0,16,1.52587890625e-05,7250,0.006896551724137931,512,0.0007883791158885116,6.215416303691513e-07,1.0119248100876495e-08,6.1004363617912365e-09,6.154411940073601e-07,6.166455799056132e-07,6.267648280064897e-07
50.0,16,1.52587890625e-05,7500,0.006666666666666667,512,0.0007867771328043231,6.190182567037914e-07,8.835989956262816e-09,6.438625238909027e-09,6.125796314648824e-07,6.137784174364379e-07,6.226144073927007e-07
50.0,16,1.52587890625e-05,7750,0.0064516129032258064,512,0.0008030971173508914,6.449649798973114e-07,7.749852812001366e-09,3.618904094737956e-09,6.413460758025735e-07,6.426011561857488e-07,6.503510089977502e-07
50.0,16,1.52587890625e-05,8000,0.00625,512,0.0008477198980744665,7.186290255913838e-07,6.825591829213005e-09,3.9784717455979424e-09,7.146505538457859e-07,7.160490872192611e-07,7.228746790484742e-07
50.0,16,1.52587890625e-05,8250,0.006060606060606061,512,0.0008363451839023993,6.994732666367382e-07,6.035099926710942e-09,5.512120311487816e-09,6.939611463252504e-07,6.953191916213859e-07,7.013542915480969e-07
50.0,16,1.52587890625e-05,8500,0.0058823529411764705,512,0.0008460770549394919,7.158463828950839e-07,5.355802512738871e-09,3.793957206358747e-09,7.120524256887251e-07,7.134458746626756e-07,7.188016771754144e-07
50.0,16,1.52587890625e-05,8750,0.005714285714285714,512,0.0008749739234621191,7.655793667386942e-07,4.769447180348278e-09,9.229005952110214e-09,7.56350360786584e-07,7.578304984789256e-07,7.625999456592739e-07
50.0,16,1.52587890625e-05,9000,0.005555555555555556,512,0.0009066256811911508,8.219701257953182e-07,4.261183299429807e-09,4.129680873149355e-09,8.178404449221688e-07,8.194409154601769e-07,8.237020987596067e-07
50.0,16,1.52587890625e-05,9250,0.005405405405405406,512,0.0009316571477674284,8.679850409861399e-07,3.818856342375956e-09,8.814948581813296e-09,8.591700924043266e-07,8.60851442878699e-07,8.64670299221075e-07
50.0,16,1.52587890625e-05,9500,0.005263157894736842,512,0.0009278002532343577,8.608133099017383e-07,3.432462723425514e-09,5.0215648770350604e-09,8.557917450247032e-07,8.574664842517575e-07,8.60898946975183e-07
50.0,16,1.52587890625e-05,9750,0.005128205128205128,512,0.000905108294641476,8.19221025028801e-07,3.0937255691451706e-09,2.396644017772151e-08,7.952545848510795e-07,7.968108560543106e-07,7.999045816234558e-07
50.0,16,1.52587890625e-05,10000,0.005,512,0.0009196885894407469,8.458271015475106e-07,2.795762325086607e-09,8.377882465379147e-09,8.374492190821314e-07,8.390880629550906e-07,8.418838252801771e-07
100.0,16,1.52587890625e-05,3500,0.02857142857142857,512,0.0035010857351106773,1.2257601324595472e-05,1.1875694727850027e-05,1.195643448290801e-05,3.0116684168746133e-07,3.017562092837186e-07,1.2177450937133746e-05
100.0,16,1.52587890625e-05,4000,0.025,512,0.0026976721400890436,7.277434975412599e-06,6.961223841053023e-06,6.930141415280299e-06,3.4729356013230017e-07,3.4797319527933014e-07,7.309197036332354e-06
100.0,16,1.52587890625e-05,4500,0.022222222222222223,512,0.0021977051074947916,4.829907739508693e-06,4.345818738003621e-06,4.450296396260095e-06,3.7961134324859813e-07,3.8035422258959343e-07,4.726172960593214e-06
100.0,16,1.52587890625e-05,5000,0.02,512,0.0018046647339448863,3.256814801944367e-06,2.851273239083071e-06,2.831616597298884e-06,4.2519820464548275e-07,4.2603029506553263e-07,3.2773035341486037e-06
100.0,16,1.52587890625e-05,5500,0.01818181818181818,512,0.0015299453886041762,2.3407328921111834e-06,1.947448628641442e-06,1.8791602675451522e-06,4.615726245660312e-07,4.624758978039295e-07,2.4099245264453714e-06
100.0,16,1.52587890625e-05,6000,0.016666666666666666,512,0.0013493666584698464,1.820790378990079e-06,1.375023669321583e-06,1.3436461393155917e-06,4.771442396744874e-07,4.780779857403866e-07,1.8531016550619696e-06
100.0,16,1.52587890625e-05,6500,0.015384615384615385,512,0.0011950265733732342,1.4280885110681737e-06,9.982987016772792e-07,9.287569003421568e-07,4.993316107260171e-07,5.003087763047372e-07,1.4986074779820164e-06
100.0,16,1.52587890625e-05,7000,0.014285714285714285,512,0.0011744821592774768,1.3794083424610844e-06,7.421997175598998e-07,7.35661790396301e-07,6.437465520647834e-07,6.450063300531685e-07,1.3872060476130683e-06
100.0,16,1.52587890625e-05,7500,0.013333333333333334,512,0.0011149231905303429,1.2430537207823593e-06,5.632057665815602e-07,6.113546304124955e-07,6.316990903698638e-07,6.329352921122706e-07,1.1961410586938309e-06
100.0,16,1.52587890625e-05,8000,0.0125,512,0.001050661100457962,1.103888748015536e-06,4.350623928487427e-07,4.3267340337688237e-07,6.712153446386537e-07,6.725288776027215e-07,1.1075912704514642e-06
100.0,16,1.52587890625e-05,8500,0.011764705882352941,512,0.0010111904747325403,1.0225061761898204e-06,3.4137777724294116e-07,3.283435838935547e-07,6.941625922962658e-07,6.955210318115227e-07,1.0368988090544638e-06
100.0,16,1.52587890625e-05,9000,0.011111111111111112,512,0.001011933402793734,1.0240092116897052e-06,2.716066857487177e-07,2.7991106769980324e-07,7.440981439899019e-07,7.455543047413499e-07,1.0171609904900676e-06
100.0,16,1.52587890625e-05,9500,0.010526315789473684,512,0.0010236144661837105,1.0477865753805624e-06,2.1878406493417731e-07,1.993243406878584e-07,8.48462234692704e-07,8.50122630455312e-07,1.0689066953894893e-06
100.0,16,1.52587890625e-05,10000,0.01,512,0.0009924975650576532,9.850514166453705e-07,1.7820085312366807e-07,1.5035839083685112e-07,8.346930258085195e-07,8.363264759568727e-07,1.0145273290805409e-06
100.0,16,1.52587890625e-05,10500,0.009523809523809525,512,0.0010128612130519945,1.0258878369051577e-06,1.4660618710335843e-07,1.355408301173517e-07,8.903470067878061e-07,8.920893688363145e-07,1.038695555939673e-06
100.0,16,1.52587890625e-05,11000,0.00909090909090909,512,0.0010313253188163536,1.0636319132316532e-06,1.2171343197514478e-07,1.4494685631515162e-07,9.186850569165017e-07,9.204828750317982e-07,1.042196307006943e-06
100.0,16,1.52587890625e-05,11500,0.008695652173913044,512,0.0010630375946841272,1.1300489277118148e-06,1.01886741502054e-07,1.5236920653046895e-07,9.77679721181346e-07,9.795929887374738e-07,1.0814797302395277e-06
100.0,16,1.52587890625e-05,12000,0.008333333333333333,512,0.0010481226161132772,1.0985610184081403e-06,8.593772681417876e-08,9.562249417763914e-08,1.0029385242305011e-06,1.0049012219295824e-06,1.0908389487437612e-06
100.0,16,1.52587890625e-05,12500,0.008,512,0.0010742879541516908,1.1540946084354254e-06,7.299088466766841e-08,9.665914124658667e-08,1.0574354671888386e-06,1.0595048125258032e-06,1.1324956971934716e-06
100.0,16,1.52587890625e-05,13000,0.007692307692307693,512,0.0011104126338480607,1.2330162174093873e-06,6.239289294504077e-08,5.057606006590897e-08,1.1824401573434784e-06,1.184754130254131e-06,1.2471470231991716e-06
100.0,16,1.52587890625e-05,13500,0.007407407407407408,512,0.0011594308745119701,1.344279952771592e-06,5.365044473883065e-08,6.831718088657245e-08,1.2759627718850197e-06,1.278459763610822e-06,1.3321102083496528e-06
100.0,16,1.52587890625e-05,14000,0.007142857142857143,512,0.0011697487174230047,1.3683120619127643e-06,4.6386984377461756e-08,2.3366781433527083e-08,1.3449452804792372e-06,1.3475772673294901e-06,1.3939642517069518e-06
100.0,16,1.52587890625e-05,14500,0.006896551724137931,512,0.0011531768749301814,1.3298169048737391e-06,4.031216918410676e-08,4.397404157704563e-08,1.2858428632966934e-06,1.2883591898393483e-06,1.328671359023455e-06
100.0,16,1.52587890625e-05,15000,0.006666666666666667,512,0.0011689114110934526,1.3663538869844867e-06,3.520003094353696e-08,3.658013809183794e-08,1.3297737488926487e-06,1.3323760458572134e-06,1.3675760768007503e-06
100.0,16,1.52587890625e-05,15500,0.0064516129032258064,512,0.0011335795355403575,1.2850025633958929e-06,3.087316844416127e-08,4.501352128369345e-08,1.2399890421121995e-06,1.242415635149601e-06,1.2732888035937624e-06
100.0,16,1.52587890625e-05,16000,0.00625,512,0.001185003066438349,1.4042322674682903e-06,2.7191175699872846e-08,3.3725871986649225e-08,1.370506395481641e-06,1.3731884040833664e-06,1.4003795797832392e-06
100.0,16,1.52587890625e-05,16500,0.006060606060606061,512,0.0012210633544535458,1.4909957155893458e-06,2.4042081694659728e-08,3.661212691667624e-08,1.4543835886726697e-06,1.4572297405096026e-06,1.4812718222042624e-06
100.0,16,1.52587890625e-05,17000,0.0058823529411764705,512,0.0012631865369950987,1.59564022724567e-06,2.1335955397702872e-08,2.2517678575300778e-08,1.5731225486703693e-06,1.5762010663781391e-06,1.597537021775842e-06
100.0,16,1.52587890625e-05,17500,0.005714285714285714,512,0.0012358420359977697,1.5273055379391127e-06,1.9000084214398172e-08,1.2494524424751597e-08,1.514811013514361e-06,1.5177754186288706e-06,1.5367755028432689e-06
100.0,16,1.52587890625e-05,18000,0.005555555555555556,512,0.001302680520110013,1.6969765374740942e-06,1.6975307324867834e-08,1.7378579869565868e-08,1.6795979576045283e-06,1.6828848420616802e-06,1.699860149386548e-06
100.0,16,1.52587890625e-05,18500,0.005405405405405406,512,0.0012549799423336228,1.5749746556597034e-06,1.5213204455950527e-08,9.188202276137093e-09,1.5657864533835664e-06,1.5688506147404814e-06,1.584063819196432e-06
100.0,16,1.52587890625e-05,19000,0.005263157894736842,512,0.0012197297120667997,1.4877405704985585e-06,1.36739241047702e-08,2.1266933752101498e-08,1.466473636746457e-06,1.4693434481686613e-06,1.4830173722734315e-06
100.0,16,1.52587890625e-05,19500,0.005128205128205128,512,0.00129779523060889,1.6842724605911822e-06,1.2324493517995579e-08,4.780425368630464e-09,1.6794920352225517e-06,1.6827787123951985e-06,1.6951032059131942e-06
100.0,16,1.52587890625e-05,20000,0.005,512,0.0013277909972472454,1.7630289323708344e-06,1.1137494527894985e-08,1.056337658871109e-08,1.7524655557821234e-06,1.7558950382787615e-06,1.7670325328066564e-06
200.0,16,1.52587890625e-05,7000,0.02857142857142857,512,0.006932171375748718,4.805499998274987e-05,4.688530075434643e-05,4.7461188778097685e-05,5.938112046521837e-07,5.949732618041452e-07,4.7480274016150576e-05
200.0,16,1.52587890625e-05,8000,0.025,512,0.005323767172143962,2.8342496903197717e-05,2.748199523169488e-05,2.76740388003273e-05,6.684581028704173e-07,6.697662400580305e-07,2.815176147175291e-05
200.0,16,1.52587890625e-05,9000,0.022222222222222223,512,0.004277333098233459,1.8295578433243442e-05,1.715630993126887e-05,1.754988636537177e-05,7.456920678716727e-07,7.471513478479382e-07,1.790346127911681e-05
200.0,16,1.52587890625e-05,10000,0.02,512,0.0034472549617229065,1.1883566771123197e-05,1.1255988481534304e-05,1.103132253771629e-05,8.522442334069069e-07,8.53912030341167e-07,1.2109900511875472e-05
200.0,16,1.52587890625e-05,11000,0.01818181818181818,512,0.0029193751212040486,8.522751098305155e-06,7.687856344251282e-06,7.577540091951679e-06,9.452110063534747e-07,9.470607343502524e-07,8.634917078601534e-06
200.0,16,1.52587890625e-05,12000,0.016666666666666666,512,0.002512706908347482,6.3136960072571616e-06,5.428066834077475e-06,5.2363379487139075e-06,1.077358058543254e-06,1.0794663913388377e-06,6.507533225416313e-06
200.0,16,1.52587890625e-05,13000,0.015384615384615385,512,0.002250844999473225,5.066303211653622e-06,3.940870948213598e-06,3.935506703000957e-06,1.130796508652665e-06,1.1330094176715548e-06,5.0738803658851525e-06
200.0,16,1.52587890625e-05,14000,0.014285714285714285,512,0.0020290282749966656,4.116955740735944e-06,2.9298802078867173e-06,2.898320169615159e-06,1.2186355711207852e-06,1.2210203765437221e-06,4.150900584430439e-06
200.0,16,1.52587890625e-05,15000,0.013333333333333334,512,0.0018885451192382626,3.5666026673986636e-06,2.2232794254095355e-06,2.275818477642852e-06,1.2907841897558114e-06,1.293310186213259e-06,3.5165896116227946e-06
200.0,16,1.52587890625e-05,16000,0.0125,512,0.0017724905753097916,3.141722839562036e-06,1.7174209664966763e-06,1.740349424029333e-06,1.4013734155327029e-06,1.4041158292617298e-06,3.121536795758406e-06
200.0,16,1.52587890625e-05,17000,0.011764705882352941,512,0.0016709229011540384,2.7919833416010285e-06,1.3475938469628896e-06,1.3377589677918742e-06,1.4542243738091543e-06,1.4570702140710116e-06,2.804664061033901e-06
200.0,16,1.52587890625e-05,18000,0.011111111111111112,512,0.0015538934028680204,2.414584707476756e-06,1.0721684382415727e-06,9.929252355537916e-07,1.4216594719229647e-06,1.4244415843924811e-06,2.496610022634054e-06
200.0,16,1.52587890625e-05,19000,0.010526315789473684,512,0.001597462466454435,2.5518863317306868e-06,8.636489003216078e-07,8.89352774019288e-07,1.6625335577113987e-06,1.665787048039601e-06,2.529435948361209e-06
200.0,16,1.52587890625e-05,20000,0.01,512,0.00157187889435229,2.4708032585101776e-06,7.034454749082222e-07,7.213236095831562e-07,1.7494796489270215e-06,1.7529032881617124e-06,2.4563487630699345e-06
200.0,16,1.52587890625e-05,21000,0.009523809523809525,512,0.0015517568533841154,2.407949332024571e-06,5.787249501221734e-07,6.310895313960991e-07,1.776859800628472e-06,1.7803370213733417e-06,2.3590619714955153e-06
200.0,16,1.52587890625e-05,22000,0.00909090909090909,512,0.0015540530008929338,2.415080729584333e-06,4.804605806833098e-07,5.534410465081561e-07,1.8616396830761772e-06,1.865282813571434e-06,2.345743394254744e-06
200.0,16,1.52587890625e-05,23000,0.008695652173913044,512,0.0015884197192444257,2.52307720448454e-06,4.0219471147152913e-07,4.2964217915465847e-07,2.0934350253298817e-06,2.0975317670624254e-06,2.4997264785339544e-06
200.0,16,1.52587890625e-05,24000,0.008333333333333333,512,0.0015342585635237205,2.35394933974587e-06,3.392360856197204e-07,3.4340804562849604e-07,2.010541294117374e-06,2.0144758171978387e-06,2.353711902817559e-06
200.0,16,1.52587890625e-05,25000,0.008,512,0.0015846633407658778,2.511157903567273e-06,2.881285984917433e-07,2.4395692039248417e-07,2.2672009831747886e-06,2.271637775705463e-06,2.5597663741972065e-06
200.0,16,1.52587890625e-05,26000,0.007692307692307693,512,0.0015846290127802694,2.5110491081449714e-06,2.4629322746816366e-07,2.2936426641322534e-07,2.281684841731746e-06,2.2861499784083248e-06,2.5324432058764885e-06
200.0,16,1.52587890625e-05,27000,0.007407407407407408,512,0.0015768493807456533,2.4864539695579504e-06,2.1178262343074822e-07,2.2042944775592661e-07,2.2660245218020236e-06,2.2704590120599535e-06,2.4822416354907015e-06
200.0,16,1.52587890625e-05,28000,0.007142857142857143,512,0.001635196817107537,2.67386863067862e-06,1.8311032115432874e-07,1.7855701933952973e-07,2.4953116113390905e-06,2.5001948043162707e-06,2.6833051254705993e-06
200.0,16,1.52587890625e-05,29000,0.006896551724137931,512,0.0016097589197653576,2.5913237797641313e-06,1.5913018633363263e-07,1.227822186016352e-07,2.468541561162496e-06,2.473372366565945e-06,2.6325025528995775e-06
200.0,16,1.52587890625e-05,30000,0.006666666666666667,512,0.0016810932283651196,2.82607444245506e-06,1.3895020600494394e-07,1.951597821041353e-07,2.630914660350925e-06,2.636063221330085e-06,2.775013427335029e-06
200.0,16,1.52587890625e-05,31000,0.0064516129032258064,512,0.0016848136705268633,2.8385971043942014e-06,1.2187008743538242e-07,9.699821448376652e-08,2.741598889910435e-06,2.746964054078557e-06,2.8688341415139394e-06
200.0,16,1.52587890625e-05,32000,0.00625,512,0.0017645689724260902,3.1137036584488676e-06,1.0733557770449908e-07,1.1356778538306651e-07,3.000135873065801e-06,3.0060069804494916e-06,3.1133425581539905e-06
200.0,16,1.52587890625e-05,33000,0.006060606060606061,512,0.0017552460715148169,3.080888771568198e-06,9.490467162353156e-08,7.143701532641014e-08,3.0094517562417877e-06,3.015341094316625e-06,3.110245765940157e-06
200.0,16,1.52587890625e-05,34000,0.0058823529411764705,512,0.0016821764408206483,2.8297175780520237e-06,8.422236722536041e-08,8.004299402815907e-08,2.7496745840238646e-06,2.7550555518986667e-06,2.839277919124027e-06
200.0,16,1.52587890625e-05,35000,0.005714285714285714,512,0.0017655144792414691,3.1170413764112757e-06,7.500163249372068e-08,8.940109148630522e-08,3.0276402849249706e-06,3.033565216989403e-06,3.108566849483124e-06
200.0,16,1.52587890625e-05,36000,0.005555555555555556,512,0.0017446467172985139,3.0437921681804806e-06,6.700893113253604e-08,6.40504783457555e-08,2.979741689834725e-06,2.9855728868794116e-06,3.0525818180119475e-06
200.0,16,1.52587890625e-05,37000,0.005405405405405406,512,0.001807244231611889,3.2661317126944465e-06,6.00531251509037e-08,8.115433419357169e-08,3.184977378500875e-06,3.1912102109441254e-06,3.251263336095029e-06
200.0,16,1.52587890625e-05,38000,0.005263157894736842,512,0.001743180884729381,3.038679596885907e-06,5.397690173896945e-08,4.820068105397812e-08,2.990478915831929e-06,2.996331125060563e-06,3.0503080267995325e-06
200.0,16,1.52587890625e-05,39000,0.005128205128205128,512,0.0017783079625047808,3.1623792095079045e-06,4.8650101878111974e-08,5.151184846319334e-08,3.1108673610447113e-06,3.1169551640995932e-06,3.1656052659777053e-06
200.0,16,1.52587890625e-05,40000,0.005,512,0.001960366516291922,3.843036878198526e-06,4.396449320583008e-08,6.069344618574632e-08,3.7823434320127802e-06,3.7897452782593806e-06,3.833709771465211e-06
400.0,16,1.52587890625e-05,14000,0.02857142857142857,512,0.01360766043164575,0.0001851684224229774,0.00018390910703266716,0.00018396447894384406,1.2039434791333292e-06,1.2062995329085421e-06,0.0001851154065655757
400.0,16,1.52587890625e-05,16000,0.025,512,0.010431514753086225,0.00010881650004385556,0.00010779965789679688,0.00010751557859773208,1.300921446123482e-06,1.303467280656014e-06,0.0001091031251774529
400.0,16,1.52587890625e-05,18000,0.022222222222222223,512,0.008324782968682705,6.930201147566961e-05,6.729681634792082e-05,6.768911393036958e-05,1.6128975453000294e-06,1.6160539005745881e-06,6.891287024849541e-05
400.0,16,1.52587890625e-05,20000,0.02,512,0.0067450702309876254,4.549597242095546e-05,4.415249261361979e-05,4.379958254171998e-05,1.6963898792354826e-06,1.6997096245960209e-06,4.585220223821581e-05
400.0,16,1.52587890625e-05,22000,0.01818181818181818,512,0.005691262392230392,3.2390467617216006e-05,3.0156259959464393e-05,3.060105421487383e-05,1.789413402342177e-06,1.7929151898222991e-06,3.194917514928669e-05
400.0,16,1.52587890625e-05,24000,0.016666666666666666,512,0.0048571330266379545,2.3591741238457178e-05,2.129206807357595e-05,2.137206394404443e-05,2.2196772944127474e-06,2.2240210855955514e-06,2.35160891591715e-05
400.0,16,1.52587890625e-05,26000,0.015384615384615385,512,0.004177224118507588,1.744920133624149e-05,1.5458423167284732e-05,1.5352795475778155e-05,2.096405860463335e-06,2.100508415963263e-06,1.7558931583247996e-05
400.0,16,1.52587890625e-05,28000,0.014285714285714285,512,0.0036863464863686663,1.3589150417562611e-05,1.1492726733853337e-05,1.131489722379455e-05,2.274253193768061e-06,2.278703787102245e-06,1.3771430520955582e-05
400.0,16,1.52587890625e-05,30000,0.013333333333333334,512,0.0033832246389567506,1.1446208957644036e-05,8.721023319005028e-06,8.852589747576748e-06,2.5936192100672883e-06,2.5986947858208446e-06,1.1319718104825872e-05
400.0,16,1.52587890625e-05,32000,0.0125,512,0.003120677434438816,9.738627649815633e-06,6.736747999298696e-06,6.8308153992745915e-06,2.907812250541042e-06,2.913502685473608e-06,9.650250684772305e-06
400.0,16,1.52587890625e-05,34000,0.011764705882352941,512,0.0028922506831926833,8.365114014428543e-06,5.28606713866376e-06,5.594389283889911e-06,2.7707247305386318e-06,2.7761468924379243e-06,8.062214031101685e-06
400.0,16,1.52587890625e-05,36000,0.011111111111111112,512,0.002722471004923219,7.411848372647642e-06,4.205685242116061e-06,4.310585796126207e-06,3.1012625765214352e-06,3.107331583520499e-06,7.31301682563656e-06
400.0,16,1.52587890625e-05,38000,0.010526315789473684,512,0.002607603559295548,6.79959632245081e-06,3.38774761571427e-06,3.5970039702480386e-06,3.202592352202771e-06,3.2088596562188234e-06,6.5966072719330935e-06
400.0,16,1.52587890625e-05,40000,0.01,512,0.002529536076655189,6.398552763100126e-06,2.7593343510540176e-06,2.831123993820169e-06,3.5674287692799567e-06,3.574410038887158e-06,6.333744389941176e-06
400.0,16,1.52587890625e-05,42000,0.009523809523809525,512,0.0024755938670352417,6.128564994502501e-06,2.2701060533218623e-06,2.1409494944795895e-06,3.987615500022912e-06,3.99541905286053e-06,6.265525106182393e-06
400.0,16,1.52587890625e-05,44000,0.00909090909090909,512,0.0023907264904002488,5.715573151901491e-06,1.8846545085911994e-06,1.8497952603252194e-06,3.865777891576272e-06,3.873343014651764e-06,5.757997523242963e-06
400.0,16,1.52587890625e-05,46000,0.008695652173913044,512,0.002304245113670961,5.3095455438765e-06,1.5776489782495733e-06,1.6173727372745548e-06,3.6921728066019455e-06,3.6993981936990137e-06,5.277047171948587e-06
400.0,16,1.52587890625e-05,48000,0.008333333333333333,512,0.0023716711173054125,5.624823888660704e-06,1.3306875750719183e-06,1.2883682514168738e-06,4.33645563724383e-06,4.344941851798123e-06,5.675629426870041e-06
400.0,16,1.52587890625e-05,50000,0.008,512,0.0023776313331510487,5.6531307563816336e-06,1.1302134063766545e-06,1.2209797013256232e-06,4.432151055056011e-06,4.440824540486649e-06,5.5710379468633035e-06
400.0,16,1.52587890625e-05,52000,0.007692307692307693,512,0.00222082309080897,4.932055200670307e-06,9.661100129525176e-07,9.322586338255138e-07,3.999796566844793e-06,4.007623957386564e-06,4.973733970339081e-06
400.0,16,1.52587890625e-05,54000,0.007407407407407408,512,0.002392276025267536,5.722984581069841e-06,8.307387330195318e-07,9.243778992813994e-07,4.798606681788442e-06,4.80799730151797e-06,5.638736034537502e-06
400.0,16,1.52587890625e-05,56000,0.007142857142857143,512,0.0025263236000272284,6.382310932054535e-06,7.182687642498298e-07,1.0030130085077905e-06,5.379297923546744e-06,5.389824925354077e-06,6.108093689603907e-06
400.0,16,1.52587890625e-05,58000,0.006896551724137931,512,0.0023156891104551608,5.362416056280613e-06,6.242042843850899e-07,6.091859836290091e-07,4.753230072651604e-06,4.762531892754641e-06,5.386736177139731e-06
400.0,16,1.52587890625e-05,60000,0.006666666666666667,512,0.0024424058175926858,5.965346177810595e-06,5.450462862733177e-07,6.152032615611273e-07,5.350142916249467e-06,5.360612863247999e-06,5.905659149521317e-06
400.0,16,1.52587890625e-05,62000,0.0064516129032258064,512,0.0024273220376640928,5.891892274529762e-06,4.780478033842116e-07,4.858036204600997e-07,5.406088654069663e-06,5.416668083921071e-06,5.894715887305283e-06
400.0,16,1.52587890625e-05,64000,0.00625,512,0.0024528365616938866,6.016407198382288e-06,4.210347244018705e-07,5.224846068560311e-07,5.493922591526257e-06,5.504673907752336e-06,5.925708632154206e-06
400.0,16,1.52587890625e-05,66000,0.006060606060606061,512,0.002484740598734608,6.173935843000017e-06,3.7227324054182817e-07,4.523969043699841e-07,5.721538938630033e-06,5.732735688020698e-06,6.105008928562527e-06
400.0,16,1.52587890625e-05,68000,0.0058823529411764705,512,0.0023891808551819217,5.708185158767818e-06,3.3037082158624037e-07,1.7664689577502164e-07,5.531538262992797e-06,5.5423631911004146e-06,5.872734012686655e-06
400.0,16,1.52587890625e-05,70000,0.005714285714285714,512,0.002610542483849069,6.814932059980865e-06,2.9420155614309876e-07,4.5474476937036775e-07,6.360187290610497e-06,6.372633841081359e-06,6.666835397224458e-06
400.0,16,1.52587890625e-05,72000,0.005555555555555556,512,0.002503939827033644,6.269714657405275e-06,2.6284937489750373e-07,3.3577030018821715e-07,5.933944357217058e-06,5.945556772788911e-06,6.208406147686414e-06
400.0,16,1.52587890625e-05,74000,0.005405405405405406,512,0.0026743821071086755,7.1523196548230395e-06,2.3556452005477443e-07,2.542358315639685e-07,6.898083823259071e-06,6.911583008823178e-06,7.147147528877952e-06
400.0,16,1.52587890625e-05,76000,0.005263157894736842,512,0.0026106522442152394,6.815505140226067e-06,2.1172991641922087e-07,2.6226701207750287e-07,6.553238128148564e-06,6.56606246890815e-06,6.777792385327371e-06
400.0,16,1.52587890625e-05,78000,0.005128205128205128,512,0.002542537988432078,6.464499422620238e-06,1.9083500228052769e-07,1.1234933935384336e-07,6.352150083266395e-06,6.364580905347151e-06,6.555415907627679e-06
400.0,16,1.52587890625e-05,80000,0.005,512,0.0026070050238705274,6.79647519448617e-06,1.7245522537965762e-07,1.3912874881521756e-07,6.657346445670953e-06,6.6703745209071e-06,6.842829746286757e-06
