significand_bits,unit_roundoff,steps,h,replicates,rms_state_error,empirical_mse,exact_bias_squared,sample_bias_squared,empirical_variance_component,variance_trace_unbiased,estimated_expected_mse,rms_relative_energy_error
8,0.00390625,64,1.5625,128,1.4875622486398956,2.212841443578583,2.205956412722246,2.2122968767173745,0.0005445668612082962,0.0005488547892493062,2.2065052675114956,0.6018170392741365
8,0.00390625,91,1.098901098901099,128,0.3258333686700974,0.10616738413890359,0.10479737910878975,0.10553183843811509,0.0006355457007884979,0.0006405499976451003,0.10543792910643485,0.20229134569382531
8,0.00390625,128,0.78125,128,1.911956975485436,3.6555794761074156,3.673395357862124,3.6548249502224297,0.0007545258849859238,0.000760467033686601,3.6741558248958106,0.11490339122925378
8,0.00390625,181,0.5524861878453039,128,1.1953599815262195,1.4288854854343636,1.4328602304922946,1.4278594855381352,0.0010259998962283134,0.0010340786355686944,1.4338943091278633,0.068791587337958
8,0.00390625,256,0.390625,128,0.6338572947472997,0.4017750701043651,0.4013816543506467,0.4003539297284687,0.001421140375896357,0.0014323304575963286,0.40281398480824304,0.06321944105702905
8,0.00390625,362,0.27624309392265195,128,0.32402173185681865,0.10499008271549208,0.10317775364611904,0.10273177075837119,0.0022583119571208954,0.0022760939410352327,0.10545384758715427,0.07998699982948841
8,0.00390625,512,0.1953125,128,0.1735518440543485,0.030120242574664904,0.025929028886009182,0.026713953541073157,0.0034062890335917473,0.0034331102070845965,0.029362139093093778,0.10339497899867296
8,0.00390625,724,0.13812154696132597,128,0.10650537099019937,0.011343394049760001,0.0064898465478193355,0.0065167673093639794,0.004826626740396023,0.004864631675359771,0.011354478223179107,0.11783561397940799
8,0.00390625,1024,0.09765625,128,0.09241966357742383,0.0085413942157642,0.0016215248428259326,0.0021820612761543146,0.006359332939609886,0.006409406427323348,0.008030931270149281,0.13609995541282793
8,0.00390625,1448,0.06906077348066299,128,0.1116209757758043,0.01245924223314269,0.00040547099949445617,0.0002772991834883244,0.012181943049654365,0.012277863861068966,0.012683334860563422,0.19411475471827402
8,0.00390625,2048,0.048828125,128,0.1325334570157931,0.017565117228557078,0.00010131069612683703,0.00020970707923611819,0.01735541014932096,0.01749206692215026,0.017593377618277097,0.2590779938918009
8,0.00390625,2896,0.034530386740331494,128,0.16715436141787926,0.027940580541019007,2.533657322618605e-05,0.00020869720143513226,0.027731883339583874,0.027950244625722327,0.027975581198948513,0.30872950722537706
8,0.00390625,4096,0.0244140625,128,0.17349685961147762,0.03010116029504477,6.331183684688811e-06,9.793212843849436e-05,0.030003228166606277,0.030239474057681917,0.030245805241366604,0.3337666847160481
8,0.00390625,5793,0.017262213015708613,128,0.21307130887394463,0.045399382665255915,1.5823467947628095e-06,0.000379809133211028,0.04501957353204489,0.04537405836300587,0.04537564070980063,0.4198466209816917
8,0.00390625,8192,0.01220703125,128,0.23494516632782547,0.05519923118080957,3.9568674060037325e-07,0.0005361823565141662,0.0546630488242954,0.05509346653157332,0.05509386221831392,0.4342057056913398
8,0.00390625,11585,0.008631851532153647,128,0.2621999309891342,0.06874880381070672,9.892927997963101e-08,0.0010483048986889335,0.06770049891201779,0.0682335737066006,0.06823367263588058,0.48791094666672163
8,0.00390625,16384,0.006103515625,128,0.3802297235416001,0.14457464266452166,2.4730227078461893e-08,0.0007151473866558826,0.1438594952778658,0.14499224720918757,0.14499227193941466,0.8062281205853643
8,0.00390625,23170,0.0043159257660768235,128,0.4118104729410217,0.16958786562390796,6.183055655732513e-09,0.0007691571765468262,0.16881870844736113,0.170147989616238,0.17014799579929366,0.8159333214619005
8,0.00390625,32768,0.0030517578125,128,0.45970743013259197,0.2113309213191119,1.545636150137427e-09,0.004027940658525962,0.20730298066058594,0.20893528759492125,0.2089352891405574,1.0027984126000589
8,0.00390625,46341,0.0021579163160052655,128,0.4704802394245116,0.22135165568894577,3.8640724180014873e-10,0.000899595857259636,0.22045205983168614,0.22218790282248682,0.22218790320889406,0.9681290342652292
8,0.00390625,65536,0.00152587890625,128,0.5548545982850062,0.3078636252380155,9.660221164817191e-11,0.001210344632200636,0.30665328060581487,0.30906787336649055,0.3090678734630928,1.2111565869647352
8,0.00390625,92682,0.0010789581580026328,128,0.5860485990018842,0.3434529603920713,2.4150446416376503e-11,0.0010302091256879542,0.34242275126638333,0.3451189934023391,0.34511899342648955,1.2876331364151987
8,0.00390625,131072,0.000762939453125,128,0.6436740425303061,0.4143162730273064,6.037637504773663e-12,0.0027426265249731858,0.4115736465023332,0.4148143838763673,0.41481438388240494,1.6862191933467265
10,0.0009765625,64,1.5625,128,1.4853308216710075,2.2062076498058705,2.205956412722246,2.2061731782140814,3.447159178904258e-05,3.474302164564921e-05,2.205991155743892,0.6036611367713299
10,0.0009765625,91,1.098901098901099,128,0.3234517396669124,0.10462102789355207,0.10479737910878975,0.1045775579467206,4.346994683146477e-05,4.381222987738185e-05,0.10484119133866714,0.1967225323063669
10,0.0009765625,128,0.78125,128,1.916307687085379,3.6722351515825147,3.673395357862124,3.6721841796577217,5.09719247929752e-05,5.1373278531502507e-05,3.673446731140656,0.10041116299430103
10,0.0009765625,181,0.5524861878453039,128,1.1974977169085173,1.4340007820011116,1.4328602304922946,1.4339323454497381,6.843655137345195e-05,6.897542185670748e-05,1.4329292059141514,0.039965555184390496
10,0.0009765625,256,0.390625,128,0.6339294590295087,0.40186655902544555,0.4013816543506467,0.4017616483895905,0.0001049106358550489,0.0001057367038539076,0.4014873910545006,0.016739950577540248
10,0.0009765625,362,0.27624309392265195,128,0.3215730862746158,0.10340924981618149,0.10317775364611904,0.10326748954365461,0.00014176027252688073,0.0001428764951452026,0.10332063014126425,0.01942418501724188
10,0.0009765625,512,0.1953125,128,0.16230416126196914,0.026342640762951283,0.025929028886009182,0.026143772717833576,0.00019886804511770606,0.0002004339352367431,0.026129462821245925,0.02196060961092375
10,0.0009765625,724,0.13812154696132597,128,0.08272845610991628,0.006843997450330343,0.0064898465478193355,0.006561097624496606,0.00028289982583373785,0.00028512738351746815,0.006774973931336804,0.0280825343547729
10,0.0009765625,1024,0.09765625,128,0.04338937677231313,0.0018826380166897462,0.0016215248428259326,0.001485027902384466,0.00039761011430528015,0.0004007409026068966,0.0020222657454328293,0.032762995314363726
10,0.0009765625,1448,0.06906077348066299,128,0.030407102933367496,0.0009245919088004062,0.00040547099949445617,0.00040304684323350885,0.0005215450655668974,0.0005256517196264793,0.0009311227191209355,0.03942529994087756
10,0.0009765625,2048,0.048828125,128,0.029499597778348263,0.0008702262690843299,0.00010131069612683703,0.00011814977702156002,0.0007520764920627698,0.0007579983542049963,0.0008593090503318334,0.045202880127996975
10,0.0009765625,2896,0.034530386740331494,128,0.0328002274371203,0.0010758549199268192,2.533657322618605e-05,1.4486026211266293e-05,0.001061368893715553,0.00106972612909914,0.001095062702325326,0.05539695815911469
10,0.0009765625,4096,0.0244140625,128,0.04687272865970023,0.0021970526920058833,6.331183684688811e-06,6.938928499678822e-05,0.002127663407009095,0.002144416662182395,0.0021507478458670836,0.08412581474793135
10,0.0009765625,5793,0.017262213015708613,128,0.047190264594917056,0.0022269210725382824,1.5823467947628095e-06,2.646689008110373e-05,0.002200454182457179,0.0022177805933426683,0.0022193629401374313,0.07847203839161934
10,0.0009765625,8192,0.01220703125,128,0.0603178372148892,0.0036382414862818732,3.9568674060037325e-07,2.4489653536835426e-05,0.003613751832745038,0.00364220657158555,0.0036426022583261504,0.10342940664772587
10,0.0009765625,11585,0.008631851532153647,128,0.0703752135336569,0.0049526706799078056,9.892927997963101e-08,8.28588336289615e-06,0.0049443847965449095,0.004983316960297232,0.004983415889577212,0.12276390065920828
10,0.0009765625,16384,0.006103515625,128,0.09004955599772807,0.008108922535387964,2.4730227078461893e-08,1.0062045834192876e-05,0.008098860489553772,0.008162631044589627,0.008162655774816705,0.16002953075483836
10,0.0009765625,23170,0.0043159257660768235,128,0.11417825055007463,0.013036672898675617,6.183055655732513e-09,0.00027062064291939546,0.012766052255756222,0.01286657235225824,0.012866578535313896,0.21524530868278816
10,0.0009765625,32768,0.0030517578125,128,0.10048321318657026,0.010096876132297728,1.545636150137427e-09,0.00017113031178752708,0.009925745820510201,0.010003901299411855,0.010003902845048006,0.168080830276349
10,0.0009765625,46341,0.0021579163160052655,128,0.14181083087462001,0.02011031175335008,3.8640724180014873e-10,0.00013267845043517013,0.01997763330291491,0.02013493750215046,0.0201349378885577,0.25686309671650925
10,0.0009765625,65536,0.00152587890625,128,0.1685001833925849,0.02839231180333475,9.660221164817191e-11,1.2304874038149093e-06,0.028391081315930933,0.028614633137316214,0.028614633233918427,0.30211883813208257
10,0.0009765625,92682,0.0010789581580026328,128,0.19029139430699044,0.03621081474729851,2.4150446416376503e-11,9.945341471154444e-05,0.036111361332586966,0.03639570276040261,0.036395702784553056,0.3292723389268801
10,0.0009765625,131072,0.000762939453125,128,0.22158412477950867,0.049099524354300865,6.037637504773663e-12,0.0012922216936428318,0.04780730266065803,0.04818373811467896,0.04818373812071659,0.3906053004504542
12,0.000244140625,64,1.5625,128,1.485338282531454,2.2062298135534895,2.205956412722246,2.2062277668712347,2.0466822547859924e-06,2.0627978630913893e-06,2.2059584755201094,0.6035715047544382
12,0.000244140625,91,1.098901098901099,128,0.32368185689364243,0.10476994448211642,0.10479737910878975,0.1047671369993013,2.807482815114782e-06,2.8295889790133225e-06,0.10480020869776877,0.1979246899242449
12,0.000244140625,128,0.78125,128,1.916564199633029,3.6732183313149926,3.673395357862124,3.6732149012612263,3.430053766351194e-06,3.4570620637240383e-06,3.673398814924188,0.09919925817595965
12,0.000244140625,181,0.5524861878453039,128,1.1971803113875152,1.4332406979739079,1.4328602304922946,1.4332367709140288,3.927059879060835e-06,3.957981610392026e-06,1.432864188473905,0.037968913330090504
12,0.000244140625,256,0.390625,128,0.633762241823088,0.40165457916062636,0.4013816543506467,0.4016488803113903,5.6988492360687815e-06,5.74372206469924e-06,0.4013873980727114,0.0038882357228824885
12,0.000244140625,362,0.27624309392265195,128,0.32133644775075515,0.10325711265307379,0.10317775364611904,0.103248501863055,8.610790018792613e-06,8.678591515003576e-06,0.10318643223763405,0.004825276592830341
12,0.000244140625,512,0.1953125,128,0.16112430775479614,0.025961042549462257,0.025929028886009182,0.02595004156439358,1.1000985068676528e-05,1.108760699835114e-05,0.025940116493007533,0.005522187343371577
12,0.000244140625,724,0.13812154696132597,128,0.08089781769981576,0.0065444569085926245,0.0064898465478193355,0.006530073104364933,1.4383804227691144e-05,1.4497062528696593e-05,0.006504343610348032,0.006080709087233367
12,0.000244140625,1024,0.09765625,128,0.04042280700216068,0.0016340033259339304,0.0016215248428259326,0.0016111705205630767,2.2832805370853748e-05,2.301259123991559e-05,0.001644537434065848,0.007985997766179847
12,0.000244140625,1448,0.06906077348066299,128,0.020865387649020982,0.00043536440174391736,0.00040547099949445617,0.0004058030954521919,2.9561306291725487e-05,2.9794072482998925e-05,0.0004352650719774551,0.009261124325586165
12,0.000244140625,2048,0.048828125,128,0.01273465726049082,0.00016217149554217155,0.00010131069612683703,0.00010866832057439874,5.350317496777279e-05,5.3924459810038725e-05,0.00015523515593687576,0.012003413461444875
12,0.000244140625,2896,0.034530386740331494,128,0.00926916328068506,8.591738792400024e-05,2.533657322618605e-05,2.039561154613652e-05,6.552177637786372e-05,6.603769587690202e-05,9.137426910308806e-05,0.013587968776585083
12,0.000244140625,4096,0.0244140625,128,0.01065594043529573,0.00011354906656057055,6.331183684688811e-06,3.2831048942701266e-06,0.00011026596166630043,0.00011113419758493272,0.00011746538126962153,0.017857302608947453
12,0.000244140625,5793,0.017262213015708613,128,0.011512020538247566,0.00013252661687303377,1.5823467947628095e-06,5.415606589992124e-07,0.00013198505621403456,0.0001330243086251687,0.0001346066554199315,0.01961440431771475
12,0.000244140625,8192,0.01220703125,128,0.014824328325658638,0.00021976071030692506,3.9568674060037325e-07,4.3402154103907085e-06,0.00021542049489653436,0.00021711671926579842,0.0002175124060063988,0.02516599230081891
12,0.000244140625,11585,0.008631851532153647,128,0.016844863763392153,0.00028374943520724207,9.892927997963101e-08,9.42508800322119e-07,0.00028280692640691996,0.0002850337525991004,0.00028513268187908006,0.028613186066756877
12,0.000244140625,16384,0.006103515625,128,0.020934174019469967,0.0004382396418774514,2.4730227078461893e-08,7.244720106107616e-06,0.0004309949217713438,0.00043438858257269296,0.0004344133127997714,0.03784011678110477
12,0.000244140625,23170,0.0043159257660768235,128,0.025371377336530568,0.000643706787952617,6.183055655732513e-09,1.8972185200475307e-05,0.0006247346027521417,0.0006296537728525522,0.0006296599559082079,0.04207335015994788
12,0.000244140625,32768,0.0030517578125,128,0.0279044151140026,0.0007786563828545768,1.545636150137427e-09,1.5074811918209895e-05,0.0007635815709363669,0.0007695940242508266,0.0007695955698869767,0.047508571343215775
12,0.000244140625,46341,0.0021579163160052655,128,0.03221352772032542,0.0010377113681881744,3.8640724180014873e-10,1.67571193726322e-05,0.001020954248815542,0.0010289932586487354,0.0010289936450559771,0.05479033934055852
12,0.000244140625,65536,0.00152587890625,128,0.0375387064048451,0.0014091544785491588,9.660221164817191e-11,4.8231045160955406e-06,0.0014043313740330632,0.0014153891013876543,0.001415389197989866,0.06349255516761994
12,0.000244140625,92682,0.0010789581580026328,128,0.04512639363680133,0.0020363914026635434,2.4150446416376503e-11,2.0388002605290544e-05,0.0020160034000582527,0.0020318774425783963,0.0020318774667288427,0.06948680760108275
12,0.000244140625,131072,0.000762939453125,128,0.05597157293520178,0.003132816976840613,6.037637504773663e-12,6.6797162892810505e-06,0.0031261372605513316,0.0031507525145714208,0.003150752520609058,0.09511518814134501
16,1.52587890625e-05,64,1.5625,128,1.4852399008218389,2.205937562993266,2.205956412722246,2.2059375543073965,8.685869579139194e-09,8.754262252990667e-09,2.2059564214765084,0.6036426003372756
16,1.52587890625e-05,91,1.098901098901099,128,0.32373508831519565,0.10480440740644752,0.10479737910878975,0.10480439663362488,1.0772822633953183e-08,1.0857648009023699e-08,0.10479738996643775,0.19792822256932974
16,1.52587890625e-05,128,0.78125,128,1.9166201589125609,3.6734328335500104,3.673395357862124,3.6734328215644902,1.1985520131929661e-08,1.207989430619685e-08,3.6733953699420185,0.09907063244895827
16,1.52587890625e-05,181,0.5524861878453039,128,1.1970304883255525,1.4328819899809109,1.4328602304922946,1.4328819739994547,1.5981456158442604e-08,1.6107294395910655e-08,1.432860246599589,0.03825942405688908
16,1.52587890625e-05,256,0.390625,128,0.6335517076773828,0.40138776630092793,0.4013816543506467,0.4013877435225985,2.277832944486135e-08,2.2957686369624028e-08,0.4013816773083331,0.0005527601492378385
16,1.52587890625e-05,362,0.27624309392265195,128,0.3212053952861924,0.10317290596095911,0.10317775364611904,0.10317287538163782,3.057932129735265e-08,3.0820103354812053e-08,0.1031777844662224,0.000919535412732903
16,1.52587890625e-05,512,0.1953125,128,0.16102263195603608,0.025928288002049053,0.025929028886009182,0.025928243716620395,4.4285428657531156e-08,4.4634132820188875e-08,0.025929073520142003,0.0012852131736479863
16,1.52587890625e-05,724,0.13812154696132597,128,0.08055296683270352,0.006488780465550634,0.0064898465478193355,0.006488723030803898,5.743474673636228e-08,5.788698883664866e-08,0.0064899044348081724,0.000981208317146136
16,1.52587890625e-05,1024,0.09765625,128,0.04024313592728301,0.0016195099892617765,0.0016215248428259326,0.0016194233619555593,8.662730621722403e-08,8.730941099058802e-08,0.001621612152236923,0.0008023241770994248
16,1.52587890625e-05,1448,0.06906077348066299,128,0.02013665064473927,0.0004054846991882785,0.00040547099949445617,0.0004053403040044687,1.4439518380982008e-07,1.4553215376107851e-07,0.00040561653164821723,0.0006937211882502043
16,1.52587890625e-05,2048,0.048828125,128,0.010034182964213455,0.00010068482775931151,0.00010131069612683703,0.00010053121406510221,1.5361369420929805e-07,1.5482325085661537e-07,0.00010146551937769365,0.0006580430082947412
16,1.52587890625e-05,2896,0.034530386740331494,128,0.005035623843552114,2.5357507493750563e-05,2.533657322618605e-05,2.5096431639481853e-05,2.6107585426871083e-07,2.6313156965665343e-07,2.5599704795842703e-05,0.0008706458118720337
16,1.52587890625e-05,4096,0.0244140625,128,0.002581160936795242,6.66239178163769e-06,6.331183684688811e-06,6.30453945253512e-06,3.5785232910257037e-07,3.606700639773938e-07,6.691853748666205e-06,0.0009444695737516436
16,1.52587890625e-05,5793,0.017262213015708613,128,0.0014509404564504876,2.105228208164749e-06,1.5823467947628095e-06,1.5811057667171326e-06,5.241224414476164e-07,5.282493898054717e-07,2.110596184568281e-06,0.0011589024505679175
16,1.52587890625e-05,8192,0.01220703125,128,0.001080435265104096,1.1673403620805585e-06,3.9568674060037325e-07,4.5608662883734734e-07,7.112537332432112e-07,7.168541563396145e-07,1.1125408969399877e-06,0.0014130134772693712
16,1.52587890625e-05,11585,0.008631851532153647,128,0.0010761287954056582,1.158053184301233e-06,9.892927997963101e-08,1.391410971539053e-07,1.0189120871473278e-06,1.0269350169673856e-06,1.1258642969470165e-06,0.0015911182415174032
16,1.52587890625e-05,16384,0.006103515625,128,0.0011885976189048187,1.4127642996662044e-06,2.4730227078461893e-08,1.692760898987127e-08,1.395836690676333e-06,1.4068275307603988e-06,1.4315577578388607e-06,0.001958684669001608
16,1.52587890625e-05,23170,0.0043159257660768235,128,0.0013584658030054192,1.8454293379351586e-06,6.183055655732513e-09,2.606988373251832e-08,1.8193594542026403e-06,1.833685119196362e-06,1.8398681748520945e-06,0.002206670439713827
16,1.52587890625e-05,32768,0.0030517578125,128,0.0017917250470470478,3.2102786442157452e-06,1.545636150137427e-09,5.49317981869392e-08,3.155346846028806e-06,3.1801920967849384e-06,3.1817377329350757e-06,0.0030401255334604727
16,1.52587890625e-05,46341,0.0021579163160052655,128,0.0019030094453542713,3.621444949107571e-06,3.8640724180014873e-10,2.821454035655798e-09,3.6186234950719154e-06,3.647116593458309e-06,3.6475030007001093e-06,0.0032607986242288714
16,1.52587890625e-05,65536,0.00152587890625,128,0.00233104504327032,5.433770993755127e-06,9.660221164817191e-11,8.674388112077651e-08,5.3470271126343505e-06,5.389129688324385e-06,5.389226290536033e-06,0.0036957483798704394
16,1.52587890625e-05,92682,0.0010789581580026328,128,0.0029196316327370327,8.524248870878712e-06,2.4150446416376503e-11,7.039365501676178e-08,8.45385521586195e-06,8.520421004963225e-06,8.520445155409641e-06,0.004901008195492612
16,1.52587890625e-05,131072,0.000762939453125,128,0.0033556093214608925,1.1260113918275231e-05,6.037637504773663e-12,3.1225574625840846e-07,1.0947858172016822e-05,1.1034061779670497e-05,1.1034067817308003e-05,0.005599721814459975
20,9.5367431640625e-07,64,1.5625,128,1.4852466785125094,2.205957696032441,2.205956412722246,2.205957696002346,3.0095145125974554e-11,3.033211477263577e-11,2.2059564127525784,0.6036352879688812
20,9.5367431640625e-07,91,1.098901098901099,128,0.32372486908743164,0.10479779086567474,0.10479737910878975,0.1047977908242995,4.137523657021802e-11,4.170102583455044e-11,0.10479737915049078,0.19790634594090106
20,9.5367431640625e-07,128,0.78125,128,1.9166103348180488,3.673395175531353,3.673395357862124,3.673395175482616,4.873695891305374e-11,4.912071449504629e-11,3.673395357911245,0.09908628691027986
20,9.5367431640625e-07,181,0.5524861878453039,128,1.1970213347507175,1.4328600758483891,1.4328602304922946,1.4328600757910892,5.7299831546231417e-11,5.775101132218599e-11,1.4328602305500455,0.038250803815841006
20,9.5367431640625e-07,256,0.390625,128,0.6335474235599119,0.4013823378994024,0.4013816543506467,0.4013823378250294,7.437302770169074e-11,7.495864209304272e-11,0.40138165442560536,0.0005102975640466993
20,9.5367431640625e-07,362,0.27624309392265195,128,0.3212130101698039,0.10317779790234655,0.10317775364611904,0.10317779778448255,1.1786399287117e-10,1.1879205580716345e-10,0.1031777537649111,0.0008299249938606242
20,9.5367431640625e-07,512,0.1953125,128,0.16102389443044615,0.025928694577547463,0.025929028886009182,0.02592869439649457,1.810528948986701e-10,1.8247850824432865e-10,0.02592902906848769,0.0012553815689486441
20,9.5367431640625e-07,724,0.13812154696132597,128,0.08055971393321863,0.00648986750900202,0.0064898465478193355,0.006489867244620684,2.643813362679381e-10,2.6646307907319815e-10,0.006489846814282415,0.0009098182247272579
20,9.5367431640625e-07,1024,0.09765625,128,0.04026842863804118,0.0016215463449770146,0.0016215248428259326,0.0016215460154472778,3.295297368310913e-10,3.321244591683434e-10,0.0016215251749503918,0.0005305522597265152
20,9.5367431640625e-07,1448,0.06906077348066299,128,0.020136203137625135,0.0004054666767997044,0.00040547099949445617,0.00040546623192606646,4.448736379281116e-10,4.483765799590416e-10,0.0004054714478710361,0.00028490779913504355
20,9.5367431640625e-07,2048,0.048828125,128,0.010065068275648995,0.00010130559939347582,0.00010131069612683703,0.00010130489954780829,6.998456675288978e-10,7.05356263336212e-10,0.00010131140148310037,0.00015388936000157043
20,9.5367431640625e-07,2896,0.034530386740331494,128,0.005033431709911722,2.533543477834484e-05,2.533657322618605e-05,2.5334449141050837e-05,9.85637294004249e-10,9.933982175790856e-10,2.533756662440363e-05,8.803044100354605e-05
20,9.5367431640625e-07,4096,0.0244140625,128,0.0025161882589569717,6.3312033545129154e-06,6.331183684688811e-06,6.3299693320731266e-06,1.2340224397888733e-09,1.243739151913195e-09,6.332427423840724e-06,7.220316843018893e-05
20,9.5367431640625e-07,5793,0.017262213015708613,128,0.0012558741278619228,1.577219825032945e-06,1.5823467947628095e-06,1.5752110262389719e-06,2.008798793973199e-09,2.02461610731157e-09,1.584371410870121e-06,7.592952906668332e-05
20,9.5367431640625e-07,8192,0.01220703125,128,0.0006309729341397563,3.981268436169332e-07,3.9568674060037325e-07,3.953672950828073e-07,2.7595485341258552e-09,2.7812772627410192e-09,3.9846801786311424e-07,9.048588424350249e-05
20,9.5367431640625e-07,11585,0.008631851532153647,128,0.0003209390610216857,1.030018808894813e-07,9.892927997963101e-08,9.858700936556457e-08,4.41487152391673e-09,4.449634291821586e-09,1.033789142714526e-07,0.00011537800766062461
20,9.5367431640625e-07,16384,0.006103515625,128,0.0001740360292623063,3.028853948139034e-08,2.4730227078461893e-08,2.4970781358654405e-08,5.317758122735938e-09,5.359630233938583e-09,3.008985731240048e-08,0.00012385309705182214
20,9.5367431640625e-07,23170,0.0043159257660768235,128,0.00012672688679428204,1.6059703836570778e-08,6.183055655732513e-09,7.721785591843373e-09,8.337918244727405e-09,8.403571144292188e-09,1.45866268000247e-08,0.0001514216255848205
20,9.5367431640625e-07,32768,0.0030517578125,128,0.00011675868668244426,1.3632590915809186e-08,1.545636150137427e-09,2.0563070953844362e-09,1.1576283820424749e-08,1.1667435661530456e-08,1.3213071811667882e-08,0.0001798938491269092
20,9.5367431640625e-07,46341,0.0021579163160052655,128,0.00011493294961338425,1.3209582906832725e-08,3.8640724180014873e-10,9.617454958935708e-10,1.2247837410939155e-08,1.2344277075592218e-08,1.2730684317392366e-08,0.0001894419040390374
20,9.5367431640625e-07,65536,0.00152587890625,128,0.0001602244669884358,2.567187982172836e-08,9.660221164817191e-11,2.3459421050997396e-10,2.5437285611218385e-08,2.5637579198708294e-08,2.5734181410356466e-08,0.00027974145031044347
20,9.5367431640625e-07,92682,0.0010789581580026328,128,0.0001697650139649679,2.8820159966525745e-08,2.4150446416376503e-11,1.2641397617661552e-10,2.869374599034913e-08,2.8919680998147153e-08,2.894383144456353e-08,0.0002875843883838824
20,9.5367431640625e-07,131072,0.000762939453125,128,0.00020884320859097566,4.3615485774573775e-08,6.037637504773663e-12,1.41940621912442e-10,4.347354515266133e-08,4.381585653181614e-08,4.382189416932091e-08,0.00033501104362712906
24,5.960464477539063e-08,64,1.5625,128,1.4852462293624824,2.205956361835472,2.205956412722246,2.2059563618353524,1.1952564589121084e-13,1.2046679270925188e-13,2.2059564127223665,0.6036352799290975
24,5.960464477539063e-08,91,1.098901098901099,128,0.32372423371731857,0.10479737949586511,0.10479737910878975,0.10479737949573388,1.3123074675547297e-13,1.322640597220515e-13,0.10479737910892202,0.19790681430031679
24,5.960464477539063e-08,128,0.78125,128,1.9166104077589081,3.673395455129768,3.673395357862124,3.673395455129585,1.8318571486097834e-13,1.846281220646081e-13,3.673395357862309,0.09908616857439916
24,5.960464477539063e-08,181,0.5524861878453039,128,1.1970213790311894,1.4328601818577305,1.4328602304922946,1.4328601818575326,1.9775565733570755e-13,1.9931278849583123e-13,1.432860230492494,0.038249856386097535
24,5.960464477539063e-08,256,0.390625,128,0.6335468690020073,0.40138163522224657,0.4013816543506467,0.4013816352219612,2.8537734987079365e-13,2.8762441561780777e-13,0.4013816543509343,0.0005109558522608795
24,5.960464477539063e-08,362,0.27624309392265195,128,0.3212129170477606,0.10317773807833155,0.10317775364611904,0.10317773807781362,5.179376757124751e-13,5.220159251275339e-13,0.10317775364664106,0.000830983914708805
24,5.960464477539063e-08,512,0.1953125,128,0.16102489591336808,0.02592901710391102,0.025929028886009182,0.025929017103144318,7.667024567309388e-13,7.727394839492928e-13,0.025929028886781922,0.0012555477625827505
24,5.960464477539063e-08,724,0.13812154696132597,128,0.08055964956089152,0.006489857137373651,0.0064898465478193355,0.006489857136455706,9.179443229839768e-13,9.251722310389686e-13,0.006489846548744508,0.0009071436614088142
24,5.960464477539063e-08,1024,0.09765625,128,0.04026812332820915,0.0016215217563758618,0.0016215248428259326,0.0016215217550973563,1.278505459053475e-12,1.2885724311720063e-12,0.001621524844114505,0.0005302206032900766
24,5.960464477539063e-08,1448,0.06906077348066299,128,0.02013632152652091,0.0004054714446194294,0.00040547099949445617,0.00040547144259471746,2.0247119410753134e-12,2.0406545547845678e-12,0.0004054710015351107,0.0002851115214235556
24,5.960464477539063e-08,2048,0.048828125,128,0.010065332814215525,0.00010131092466092382,0.00010131069612683703,0.00010131092194798766,2.712936158274365e-12,2.7342978603080212e-12,0.00010131069886113489,0.000147637501824587
24,5.960464477539063e-08,2896,0.034530386740331494,128,0.005033529634705868,2.5336420583462184e-05,2.533657322618605e-05,2.533641697387473e-05,3.6095874553221385e-12,3.638009403789242e-12,2.5336576864195456e-05,7.5290440125993e-05
24,5.960464477539063e-08,4096,0.0244140625,128,0.0025159685092264582,6.330097539419206e-06,6.331183684688811e-06,6.330092499001904e-06,5.04041730228777e-12,5.080105627502634e-12,6.331188764794438e-06,3.8864685509061305e-05
24,5.960464477539063e-08,5793,0.017262213015708613,128,0.0012577776578567555,1.5820046366036255e-06,1.5823467947628095e-06,1.5819976715574641e-06,6.965046161350186e-12,7.019889044510423e-12,1.582353814651854e-06,1.9483967242277432e-05
24,5.960464477539063e-08,8192,0.01220703125,128,0.0006289940692682854,3.956335391746765e-07,3.9568674060037325e-07,3.956233145265084e-07,1.022464816806401e-11,1.0305157208757426e-11,3.95697045757582e-07,1.1417325656779695e-05
24,5.960464477539063e-08,11585,0.008631851532153647,128,0.00031470712545895774,9.904057481464018e-08,9.892927997963101e-08,9.902682059313712e-08,1.3754221503056718e-11,1.38625224597737e-11,9.894314250209078e-08,7.8103000507119e-06
24,5.960464477539063e-08,16384,0.006103515625,128,0.000157355345171083,2.476070465391067e-08,2.4730227078461893e-08,2.473949429969116e-08,2.1210354219508565e-11,2.1377364882654303e-11,2.4751604443344547e-08,7.964548127734313e-06
24,5.960464477539063e-08,23170,0.0043159257660768235,128,7.881738916440848e-05,6.212180834693815e-09,6.183055655732513e-09,6.1788056182577906e-09,3.3375216436024036e-11,3.3638013415835245e-11,6.216693669148349e-09,9.566138806031483e-06
24,5.960464477539063e-08,32768,0.0030517578125,128,3.999649646797773e-05,1.5997197297129553e-09,1.545636150137427e-09,1.5667423380621983e-09,3.297739165075697e-11,3.323705615194403e-11,1.5788732062893711e-09,9.169224918708461e-06
24,5.960464477539063e-08,46341,0.0021579163160052655,128,2.0732818420347244e-05,4.2984975965109003e-10,3.8640724180014873e-10,3.763231505077866e-10,5.352660914330343e-11,5.3948078506636526e-11,4.4035532030678527e-10,1.2011252848346253e-05
24,5.960464477539063e-08,65536,0.00152587890625,128,1.407259831877639e-05,1.9803802344162808e-10,9.660221164817191e-11,1.1693782223418787e-10,8.110020120744021e-11,8.173878546891611e-11,1.7834099711708804e-10,1.4877238792704606e-05
24,5.960464477539063e-08,92682,0.0010789581580026328,128,1.1552653562931471e-05,1.3346380434511321e-10,2.4150446416376503e-11,2.1776596685724318e-11,1.1168720765938889e-10,1.1256663449135257e-10,1.3671708090772907e-10,1.63861163102538e-05
24,5.960464477539063e-08,131072,0.000762939453125,128,1.2833890715530234e-05,1.6470875089817314e-10,6.037637504773663e-12,8.886864688095153e-12,1.5582188621007798e-10,1.570488301959841e-10,1.6308646770075778e-10,2.011867807631453e-05
